{"cameraMode":{"drawMode":0,"name":"Shaded","section":"Shading Mode"},"sceneLighting":true,"audioPlay":false,"sceneViewState":{"m_AlwaysRefresh":false,"showFog":true,"showSkybox":true,"showFlares":true,"showImageEffects":true,"showParticleSystems":true,"showVisualEffectGraphs":true,"m_FxEnabled":true},"in2DMode":false,"pivot":{"x":-25.179590225219728,"y":107.11676788330078,"z":129.61573791503907},"rotation":{"x":-0.7210180759429932,"y":-0.02556128427386284,"z":0.026173971593379976,"w":-0.6921727061271668},"size":185.54000854492188,"orthographic":false}